{
    "train_loss": [
        1.7298639218012493,
        1.127455317548343,
        0.8395119472628548,
        0.6371873624268032,
        0.6094091229495548,
        0.4015698507428169,
        0.31260246552881743,
        0.3077949748507568,
        0.2224329125324619,
        0.17892183659742364,
        0.15329940301030764,
        0.1303100983537401,
        0.13323090199957646,
        0.06693461577552148,
        0.09325060280527742,
        0.09351501667073794,
        0.05741135531016404,
        0.03735355253974419,
        0.041141359093931636,
        0.04622417619629275,
        0.04621103475247288,
        0.05002473761305737,
        0.035668859407970946,
        0.035849465567263816,
        0.04189725855498442,
        0.033489720712948055,
        0.036731595949580274,
        0.02142063398025043,
        0.02905419091638621,
        0.03997325733126629,
        0.028307838686963634,
        0.02196946244553796,
        0.0245070046955897,
        0.017341368205268822,
        0.015613807941831294,
        0.016764935150387742,
        0.014507488674661588,
        0.01340882139768274,
        0.01866686700044998
    ],
    "train_acc": [
        56.770833333333336,
        73.28869047619048,
        79.46428571428571,
        84.375,
        84.375,
        88.61607142857143,
        89.6577380952381,
        86.60714285714286,
        86.01190476190476,
        88.16964285714286,
        88.76488095238095,
        88.16964285714286,
        89.21130952380952,
        91.51785714285714,
        88.98809523809524,
        86.83035714285714,
        88.16964285714286,
        88.76488095238095,
        91.51785714285714,
        89.36011904761905,
        89.50892857142857,
        91.29464285714286,
        90.17857142857143,
        90.0297619047619,
        89.21130952380952,
        90.625,
        88.83928571428571,
        90.99702380952381,
        91.36904761904762,
        90.55059523809524,
        91.51785714285714,
        91.07142857142857,
        91.36904761904762,
        92.03869047619048,
        92.33630952380952,
        91.74107142857143,
        93.37797619047619,
        91.44345238095238,
        91.96428571428571
    ],
    "valid_loss": [
        1.8221925857455232,
        1.294089206429415,
        2.019043157267016,
        1.7069937073880312,
        1.3719311481298402,
        0.8898769076480422,
        0.6773426518944387,
        0.4141527141422726,
        0.3997708444678506,
        0.345778121816016,
        0.4111175181900508,
        0.3414912597040394,
        0.4121283522874484,
        0.2486421020277153,
        0.21844776269308355,
        0.3386312086395053,
        0.2914822799705922,
        0.22910130444675858,
        0.1569024188400701,
        0.10056753742486932,
        0.13231329021563884,
        0.10174166375424626,
        0.09457739031072272,
        0.05953361206623011,
        0.12311817593006201,
        0.06623394146215084,
        0.12289561911724335,
        0.06023748730157697,
        0.07779846678293029,
        0.10323704233349756,
        0.12047525685887005,
        0.13214858837945517,
        0.18495906005765117,
        0.06926883817758671,
        0.08931791652427164,
        0.09189413102386995,
        0.09318164536772772,
        0.13185171648686708,
        0.09389286648568719
    ],
    "valid_acc": [
        55.81395348837209,
        69.76744186046511,
        54.06976744186046,
        59.30232558139535,
        68.6046511627907,
        72.09302325581395,
        77.90697674418605,
        76.74418604651163,
        77.32558139534883,
        77.90697674418605,
        77.90697674418605,
        77.32558139534883,
        75.5813953488372,
        79.65116279069767,
        79.65116279069767,
        68.6046511627907,
        76.74418604651163,
        75.0,
        79.65116279069767,
        72.09302325581395,
        75.0,
        75.5813953488372,
        80.23255813953489,
        81.3953488372093,
        77.32558139534883,
        80.81395348837209,
        78.48837209302326,
        79.06976744186046,
        75.0,
        80.23255813953489,
        78.48837209302326,
        79.06976744186046,
        80.81395348837209,
        80.23255813953489,
        80.81395348837209,
        80.23255813953489,
        80.81395348837209,
        80.81395348837209,
        80.81395348837209
    ],
    "learning_rates": [
        0.001,
        0.001,
        0.001,
        0.001,
        0.001,
        0.001,
        0.001,
        0.001,
        0.001,
        0.001,
        0.001,
        0.001,
        0.001,
        0.001,
        0.001,
        0.001,
        0.001,
        0.001,
        0.001,
        0.001,
        0.001,
        0.001,
        0.001,
        0.001,
        0.001,
        0.001,
        0.001,
        0.001,
        0.001,
        0.001,
        0.0005,
        0.0005,
        0.0005,
        0.0005,
        0.0005,
        0.0005,
        0.00025,
        0.00025,
        0.00025
    ]
}