{
    "train_loss": [
        1.6154782601765223,
        0.9103283601857367,
        0.7802575752139091,
        0.6574836139168058,
        0.6417894466292291,
        0.6046870191182409,
        0.4706014236047243,
        0.39860002512497367,
        0.46267859469212747,
        0.5988694592601332,
        0.4910426515908468,
        0.21758243204447075,
        0.13142944218236066,
        0.10222826604287893,
        0.1294131275665547,
        0.09548011608213917,
        0.05658006972572323,
        0.04879700943517188,
        0.03349287259680707,
        0.024991169954384013,
        0.030846391810059902,
        0.018561478482470625,
        0.028126984757060807,
        0.016038510904070876,
        0.02903116119670726,
        0.02606483344044093,
        0.028845612247962327,
        0.025325999988819518,
        0.022015929150040307,
        0.013880083392862053,
        0.017245647419864934,
        0.017523036549045218,
        0.01575074475147717,
        0.01767917460806313,
        0.01479328810680835,
        0.01884948713926687,
        0.015836946511020262,
        0.013508643608518122,
        0.014866418510098896,
        0.01033788244239986,
        0.011416668621157961,
        0.01699738319785822,
        0.016986682667352614,
        0.009785955644301361,
        0.009116426517721266,
        0.008282332767045037,
        0.009921296089444132,
        0.008519616002948689,
        0.011323746546016386,
        0.010636259491244951,
        0.009291599906559679,
        0.015551552874967456,
        0.009264684082674128,
        0.00698757768952332,
        0.008976388581296695,
        0.010299544410026144,
        0.009753102952215289
    ],
    "train_acc": [
        61.23511904761905,
        78.27380952380952,
        82.2172619047619,
        84.375,
        84.67261904761905,
        85.86309523809524,
        88.54166666666667,
        89.88095238095238,
        88.69047619047619,
        85.19345238095238,
        86.45833333333333,
        90.0297619047619,
        89.0625,
        90.10416666666667,
        86.83035714285714,
        90.0297619047619,
        91.36904761904762,
        90.47619047619048,
        90.17857142857143,
        90.92261904761905,
        92.11309523809524,
        94.04761904761905,
        92.11309523809524,
        93.75,
        92.33630952380952,
        93.37797619047619,
        90.17857142857143,
        92.11309523809524,
        90.40178571428571,
        94.19642857142857,
        90.77380952380952,
        91.2202380952381,
        93.45238095238095,
        92.93154761904762,
        93.67559523809524,
        93.00595238095238,
        93.82440476190476,
        93.82440476190476,
        94.56845238095238,
        94.12202380952381,
        93.89880952380952,
        93.37797619047619,
        92.11309523809524,
        94.19642857142857,
        94.49404761904762,
        95.53571428571429,
        94.86607142857143,
        94.79166666666667,
        95.16369047619048,
        94.79166666666667,
        94.94047619047619,
        94.19642857142857,
        94.7172619047619,
        95.9077380952381,
        95.38690476190476,
        95.08928571428571,
        95.46130952380952
    ],
    "valid_loss": [
        1.6986891447111618,
        1.9007190798604212,
        1.3813722798990649,
        1.5468506702156954,
        1.3804084145745565,
        1.7264652584874354,
        0.7708783621011779,
        1.7874009276545324,
        2.264703722887261,
        1.944823791814405,
        1.068494486254315,
        0.21831889147328776,
        0.12635767314214866,
        0.22657816369859954,
        0.1682745163436562,
        0.14921011053222574,
        0.11213820998125092,
        0.04451144671508891,
        0.05020768533401235,
        0.03666717915384229,
        0.0361221045158197,
        0.031502076987783574,
        0.039580586442160746,
        0.030742744065084777,
        0.049091431078755535,
        0.029656523362148638,
        0.05142446607351303,
        0.045867635067119154,
        0.058472549369515375,
        0.06533539509617312,
        0.06311196844678285,
        0.05124046518142487,
        0.04813810899247264,
        0.036533257425871005,
        0.06345957816598076,
        0.02854757948756911,
        0.03614807643840999,
        0.05014415784619835,
        0.036685133393485704,
        0.03645190363817545,
        0.039803187779779,
        0.016594389615970297,
        0.031444592130652003,
        0.019902590012481045,
        0.030899471933628585,
        0.043684700325261366,
        0.03210887073560856,
        0.02450146782753426,
        0.03611538097327358,
        0.03535134081057338,
        0.04336114700472112,
        0.031951506026522365,
        0.037170446244999766,
        0.04016052341348557,
        0.03596197602577334,
        0.04665325451533982,
        0.028105297017582628
    ],
    "valid_acc": [
        61.04651162790697,
        58.72093023255814,
        68.6046511627907,
        65.69767441860465,
        66.27906976744185,
        59.30232558139535,
        81.97674418604652,
        59.883720930232556,
        44.76744186046512,
        53.48837209302326,
        66.27906976744185,
        79.06976744186046,
        85.46511627906976,
        81.97674418604652,
        85.46511627906976,
        75.0,
        76.74418604651163,
        80.23255813953489,
        81.3953488372093,
        87.20930232558139,
        81.97674418604652,
        88.95348837209302,
        80.23255813953489,
        85.46511627906976,
        72.09302325581395,
        81.3953488372093,
        62.7906976744186,
        70.93023255813954,
        59.30232558139535,
        59.883720930232556,
        55.81395348837209,
        58.72093023255814,
        61.627906976744185,
        71.51162790697674,
        66.86046511627907,
        73.83720930232558,
        73.25581395348837,
        64.53488372093024,
        72.09302325581395,
        73.25581395348837,
        68.6046511627907,
        84.30232558139535,
        66.86046511627907,
        82.55813953488372,
        69.76744186046511,
        66.27906976744185,
        70.34883720930233,
        75.5813953488372,
        69.18604651162791,
        69.76744186046511,
        65.11627906976744,
        70.34883720930233,
        69.18604651162791,
        68.02325581395348,
        69.76744186046511,
        65.69767441860465,
        72.09302325581395
    ],
    "learning_rates": [
        0.001,
        0.001,
        0.001,
        0.001,
        0.001,
        0.001,
        0.001,
        0.001,
        0.001,
        0.001,
        0.001,
        0.001,
        0.001,
        0.001,
        0.001,
        0.001,
        0.001,
        0.001,
        0.001,
        0.001,
        0.001,
        0.001,
        0.001,
        0.001,
        0.001,
        0.001,
        0.001,
        0.001,
        0.001,
        0.001,
        0.001,
        0.001,
        0.0005,
        0.0005,
        0.0005,
        0.0005,
        0.0005,
        0.0005,
        0.0005,
        0.0005,
        0.0005,
        0.0005,
        0.0005,
        0.0005,
        0.0005,
        0.0005,
        0.0005,
        0.0005,
        0.00025,
        0.00025,
        0.00025,
        0.00025,
        0.00025,
        0.00025,
        0.000125,
        0.000125,
        0.000125
    ]
}