{
    "train_loss": [
        1.2826377905550457,
        0.6320606329966159,
        0.48068487362581347,
        0.5356562006331625,
        0.33683796583708114,
        0.2879599467990813,
        0.26026928705353686,
        0.19587850301204376,
        0.14655176407395382,
        0.1535739314348727,
        0.11234181667891832,
        0.09946059230801736,
        0.08668992123190979,
        0.07848604702472503,
        0.08503445061595634,
        0.10953257099109039,
        0.11514893137042687,
        0.09170591521941249,
        0.06607233633208501,
        0.05306508173593384,
        0.0630692756157718,
        0.04743725152182186,
        0.03701804567487735,
        0.05562588198470813,
        0.037949659431912294,
        0.058353010238728645,
        0.0384276380872158,
        0.03965874624631003
    ],
    "train_acc": [
        66.29464285714286,
        84.15178571428571,
        87.64880952380952,
        86.83035714285714,
        91.07142857142857,
        92.26190476190476,
        92.1875,
        93.89880952380952,
        94.12202380952381,
        94.12202380952381,
        94.64285714285714,
        93.52678571428571,
        95.16369047619048,
        95.46130952380952,
        95.38690476190476,
        93.82440476190476,
        94.12202380952381,
        95.01488095238095,
        95.08928571428571,
        95.68452380952381,
        95.98214285714286,
        95.98214285714286,
        96.80059523809524,
        95.83333333333333,
        96.65178571428571,
        95.75892857142857,
        96.05654761904762,
        95.98214285714286
    ],
    "valid_loss": [
        1.9771440555883009,
        2.1732058247854544,
        0.34985083272290785,
        0.5130198035180382,
        1.3481807265170784,
        0.5051724176074186,
        0.5564508763000485,
        0.45810380231502446,
        0.35471429519875103,
        0.509297633038771,
        0.5330569113992161,
        0.33870216960876137,
        0.10657940839641446,
        0.2802534138047418,
        0.13879464109212009,
        0.13555884187997774,
        0.47147286598378657,
        0.4335307234427378,
        0.5391516557881195,
        0.5510990251425946,
        0.7997845550435166,
        0.46811562360719344,
        0.32108373777671045,
        0.4585895413882468,
        0.6516740739522089,
        0.5421132766629594,
        0.387012902058903,
        0.44836346666189864
    ],
    "valid_acc": [
        55.81395348837209,
        52.325581395348834,
        89.53488372093024,
        86.62790697674419,
        66.86046511627907,
        86.62790697674419,
        82.55813953488372,
        78.48837209302326,
        80.81395348837209,
        77.32558139534883,
        71.51162790697674,
        72.67441860465117,
        87.79069767441861,
        80.81395348837209,
        83.72093023255815,
        84.88372093023256,
        69.76744186046511,
        67.44186046511628,
        65.11627906976744,
        65.11627906976744,
        59.883720930232556,
        65.69767441860465,
        70.93023255813954,
        66.27906976744185,
        62.7906976744186,
        64.53488372093024,
        65.69767441860465,
        62.7906976744186
    ],
    "learning_rates": [
        0.01,
        0.01,
        0.01,
        0.01,
        0.01,
        0.01,
        0.01,
        0.01,
        0.01,
        0.005,
        0.005,
        0.005,
        0.005,
        0.005,
        0.005,
        0.005,
        0.005,
        0.005,
        0.005,
        0.0025,
        0.0025,
        0.0025,
        0.0025,
        0.0025,
        0.0025,
        0.00125,
        0.00125,
        0.00125
    ]
}