{
    "train_loss": [
        1.5448915788105555,
        1.3973027815421422,
        1.0297876113937015,
        0.9919274584168479,
        0.7517448181197757,
        0.4998312732648282,
        0.28982278164905784,
        0.18645124582525613,
        0.19208392418416528,
        0.14959359407657757,
        0.16496514216331498,
        0.1673747591980611,
        0.1275400250032947,
        0.09688627276006757,
        0.07498503268107015,
        0.06364569078914428,
        0.061528914102122405,
        0.057099210758513846,
        0.04271693373586805,
        0.0332363024418187,
        0.04017665290757577,
        0.051462571191309724,
        0.03236968065417992,
        0.024446430759867542,
        0.027324339527644896,
        0.030939062367213496
    ],
    "train_acc": [
        62.42559523809524,
        67.7827380952381,
        75.89285714285714,
        75.37202380952381,
        80.80357142857143,
        84.22619047619048,
        87.05357142857143,
        87.87202380952381,
        90.40178571428571,
        90.47619047619048,
        90.92261904761905,
        89.80654761904762,
        92.03869047619048,
        93.08035714285714,
        92.1875,
        92.70833333333333,
        92.1875,
        93.00595238095238,
        93.67559523809524,
        94.64285714285714,
        94.94047619047619,
        95.53571428571429,
        94.04761904761905,
        94.86607142857143,
        95.01488095238095,
        95.23809523809524
    ],
    "valid_loss": [
        1.8195811316024426,
        0.9544413753373678,
        1.0604244248864918,
        1.7062703953232876,
        0.22070407590200736,
        0.3686496379763581,
        0.5488969256075507,
        0.4934820823891792,
        0.11510716519199399,
        0.3624522079787317,
        0.07697182605852793,
        0.11426646786010469,
        0.0916132396309354,
        0.1835418372153491,
        0.1677551247389133,
        0.24353989983839366,
        0.10234378586426109,
        0.1783607223544603,
        0.1323912340339184,
        0.08242193541589712,
        0.16209414827186366,
        0.10391870224645762,
        0.10837424726585511,
        0.08679635012217553,
        0.08490165236386485,
        0.1502445839288728
    ],
    "valid_acc": [
        59.30232558139535,
        76.74418604651163,
        72.67441860465117,
        58.13953488372093,
        90.11627906976744,
        81.3953488372093,
        63.372093023255815,
        72.09302325581395,
        84.30232558139535,
        84.88372093023256,
        88.37209302325581,
        89.53488372093024,
        90.11627906976744,
        83.13953488372093,
        88.95348837209302,
        66.27906976744185,
        85.46511627906976,
        83.72093023255815,
        89.53488372093024,
        89.53488372093024,
        77.90697674418605,
        87.20930232558139,
        87.79069767441861,
        84.30232558139535,
        89.53488372093024,
        79.06976744186046
    ],
    "learning_rates": [
        0.01,
        0.01,
        0.01,
        0.01,
        0.01,
        0.01,
        0.01,
        0.01,
        0.01,
        0.01,
        0.01,
        0.01,
        0.01,
        0.01,
        0.01,
        0.01,
        0.01,
        0.005,
        0.005,
        0.005,
        0.005,
        0.005,
        0.005,
        0.0025,
        0.0025,
        0.0025
    ]
}