{
    "train_loss": [
        1.5372985573042006,
        0.8640609128134591,
        0.7091324738714666,
        0.6083388764943395,
        0.5031712326620311,
        0.5667846660528865,
        0.5161943570488975,
        0.3808152447516927,
        0.37667133356758264,
        0.3995690711640886,
        0.3391768000300313,
        0.3247408815618271,
        0.22912619436631315,
        0.19253610130510337,
        0.18108464158250995,
        0.12859774208045782,
        0.11873952925821825,
        0.10733218841120279,
        0.08387639122347104,
        0.0656411342234129,
        0.04133134304651148,
        0.03584868114835228,
        0.04691751017456963,
        0.026369228575883124,
        0.04077690354703615,
        0.02390640109799625,
        0.03616584108455018,
        0.024180869990405404,
        0.028390121712748493,
        0.022329586713264387,
        0.035039847219152195,
        0.02816009313045513,
        0.02822801839682229,
        0.026307568493177228,
        0.013704116614202835,
        0.01718540404856737,
        0.038939486346429304,
        0.02916052692481095,
        0.01765357483998828,
        0.02434264579954158,
        0.022250521540020902,
        0.02406196340840931,
        0.023130789266100953,
        0.016100536338940617,
        0.022551204127791737,
        0.014537142049188592,
        0.018978107957601815,
        0.01568089245674422,
        0.014111445692833513,
        0.018827561180972095,
        0.02480974486596616,
        0.01623321153567217,
        0.019222628735449342,
        0.017027007809485354
    ],
    "train_acc": [
        60.9375,
        80.05952380952381,
        83.33333333333333,
        85.71428571428571,
        87.72321428571429,
        86.75595238095238,
        87.64880952380952,
        90.25297619047619,
        90.69940476190476,
        89.73214285714286,
        90.55059523809524,
        90.625,
        92.1875,
        91.51785714285714,
        90.77380952380952,
        90.84821428571429,
        90.77380952380952,
        89.58333333333333,
        89.6577380952381,
        92.41071428571429,
        91.81547619047619,
        93.22916666666667,
        90.17857142857143,
        92.93154761904762,
        91.2202380952381,
        92.33630952380952,
        90.92261904761905,
        92.11309523809524,
        92.48511904761905,
        91.5922619047619,
        90.17857142857143,
        91.2202380952381,
        92.03869047619048,
        93.52678571428571,
        92.55952380952381,
        92.93154761904762,
        92.48511904761905,
        92.7827380952381,
        91.88988095238095,
        92.7827380952381,
        93.22916666666667,
        92.7827380952381,
        91.74107142857143,
        93.89880952380952,
        93.82440476190476,
        93.30357142857143,
        94.27083333333333,
        93.67559523809524,
        93.67559523809524,
        94.27083333333333,
        92.33630952380952,
        93.08035714285714,
        92.85714285714286,
        93.52678571428571
    ],
    "valid_loss": [
        1.3147508820822074,
        2.1687141795491063,
        2.0657538286475248,
        1.9005062718724095,
        2.0776133204615395,
        2.093094227272411,
        1.9540140407029973,
        1.4724027334257614,
        1.6382149319316066,
        1.1877837070198947,
        1.3109783100527386,
        0.9666934456936148,
        0.4005002521636468,
        0.5880714551982068,
        0.6610766847639583,
        0.7261767261508985,
        1.0150622958205742,
        0.17554009998317735,
        0.2637624748873882,
        0.342365440521543,
        0.2662748876481241,
        0.29301931344551035,
        0.2939113193272131,
        0.2263342218204851,
        0.2484949042764763,
        0.26943951202177463,
        0.22765642037306544,
        0.24337537166908543,
        0.26791864226766465,
        0.21873067806374694,
        0.1809594619040835,
        0.20022398328144972,
        0.1664681206456471,
        0.18706679658126357,
        0.1367807554265181,
        0.11506025145117324,
        0.13493214073986204,
        0.16879515269829426,
        0.10295787751322699,
        0.17290782199407384,
        0.18360565768908113,
        0.12785605194458607,
        0.22212095760025033,
        0.15388462253741997,
        0.16393188024846686,
        0.15118669976360505,
        0.14656336615362942,
        0.16885093064851137,
        0.14857175526091407,
        0.15484473432280899,
        0.14600697575918084,
        0.16307124700557155,
        0.17408504430272312,
        0.15641099062012537
    ],
    "valid_acc": [
        68.6046511627907,
        52.906976744186046,
        54.651162790697676,
        58.72093023255814,
        54.06976744186046,
        54.06976744186046,
        57.55813953488372,
        66.27906976744185,
        58.72093023255814,
        70.93023255813954,
        66.86046511627907,
        74.4186046511628,
        83.72093023255815,
        80.23255813953489,
        71.51162790697674,
        68.02325581395348,
        56.395348837209305,
        71.51162790697674,
        75.5813953488372,
        68.6046511627907,
        80.23255813953489,
        76.16279069767442,
        65.69767441860465,
        65.11627906976744,
        66.86046511627907,
        63.95348837209303,
        65.69767441860465,
        69.76744186046511,
        68.02325581395348,
        67.44186046511628,
        67.44186046511628,
        65.11627906976744,
        65.11627906976744,
        67.44186046511628,
        66.86046511627907,
        72.67441860465117,
        75.5813953488372,
        66.86046511627907,
        69.18604651162791,
        68.02325581395348,
        65.69767441860465,
        68.02325581395348,
        62.2093023255814,
        66.27906976744185,
        65.11627906976744,
        65.69767441860465,
        73.25581395348837,
        66.27906976744185,
        66.86046511627907,
        68.02325581395348,
        65.69767441860465,
        65.11627906976744,
        65.69767441860465,
        65.69767441860465
    ],
    "learning_rates": [
        0.001,
        0.001,
        0.001,
        0.001,
        0.001,
        0.001,
        0.001,
        0.0005,
        0.0005,
        0.0005,
        0.0005,
        0.0005,
        0.0005,
        0.0005,
        0.0005,
        0.0005,
        0.0005,
        0.0005,
        0.0005,
        0.0005,
        0.0005,
        0.0005,
        0.0005,
        0.0005,
        0.00025,
        0.00025,
        0.00025,
        0.00025,
        0.00025,
        0.00025,
        0.000125,
        0.000125,
        0.000125,
        0.000125,
        0.000125,
        0.000125,
        0.000125,
        0.000125,
        0.000125,
        0.000125,
        0.000125,
        0.000125,
        0.000125,
        0.000125,
        0.000125,
        6.25e-05,
        6.25e-05,
        6.25e-05,
        6.25e-05,
        6.25e-05,
        6.25e-05,
        3.125e-05,
        3.125e-05,
        3.125e-05
    ]
}