{
    "train_loss": [
        1.340463468006679,
        0.7027931483018965,
        0.6893367476406551,
        0.5152609284435,
        0.45533965034000207,
        0.5235374833324126,
        0.3823282591599439,
        0.358522733291249,
        0.29653031276982456,
        0.2043371692055925,
        0.16356083576378988,
        0.1774653860789147,
        0.10219731215966021,
        0.07392688446755831,
        0.09424353608379274,
        0.10511617038857712,
        0.06888749982421619,
        0.07048520544222334,
        0.0612544552395342,
        0.038919931321981405,
        0.03591877307432393,
        0.02523007090314336,
        0.02187079462289278,
        0.029527361878925667,
        0.015701915104208247,
        0.028008742385455185,
        0.020417731621169617,
        0.020269069777679675,
        0.021221863765579958,
        0.014586855718378155,
        0.01904458013207962,
        0.020090186275497433,
        0.014124466025913577,
        0.016009539376855605,
        0.011247953745104107,
        0.013400345846700171,
        0.01657125050578976,
        0.00943136686414835,
        0.018084695681907414,
        0.012326782713422463,
        0.01937089853509817,
        0.012459546815426577,
        0.015727548959798048,
        0.018146883516151104,
        0.02028054679699597,
        0.012579406977498106,
        0.018443792969697996,
        0.011189326197685054,
        0.012374749717613062,
        0.009784319526737644,
        0.015995374833610618,
        0.00909360337980269,
        0.01202720844663591,
        0.012059583002978581,
        0.009772803705085866,
        0.014411789126738551,
        0.011959767732713815,
        0.03302750123908654,
        0.0310556552638965,
        0.030316715217417196,
        0.0221325131022327,
        0.02615714261663102,
        0.02578156760760716,
        0.015758074504057213,
        0.026134934692111398,
        0.01660765371551471,
        0.013731049645381669
    ],
    "train_acc": [
        63.69047619047619,
        82.36607142857143,
        83.33333333333333,
        86.83035714285714,
        88.31845238095238,
        86.9047619047619,
        87.35119047619048,
        86.75595238095238,
        86.9047619047619,
        88.76488095238095,
        87.87202380952381,
        88.02083333333333,
        90.40178571428571,
        89.50892857142857,
        88.39285714285714,
        88.4672619047619,
        89.58333333333333,
        88.31845238095238,
        91.14583333333333,
        89.73214285714286,
        91.5922619047619,
        90.25297619047619,
        91.74107142857143,
        91.29464285714286,
        92.63392857142857,
        91.88988095238095,
        92.1875,
        93.1547619047619,
        93.67559523809524,
        92.7827380952381,
        92.70833333333333,
        93.30357142857143,
        92.7827380952381,
        93.22916666666667,
        92.7827380952381,
        94.04761904761905,
        93.82440476190476,
        93.97321428571429,
        93.60119047619048,
        94.27083333333333,
        93.37797619047619,
        94.86607142857143,
        93.22916666666667,
        91.66666666666667,
        93.45238095238095,
        95.01488095238095,
        93.08035714285714,
        94.56845238095238,
        94.79166666666667,
        94.41964285714286,
        94.27083333333333,
        95.23809523809524,
        95.38690476190476,
        95.16369047619048,
        95.68452380952381,
        94.19642857142857,
        94.7172619047619,
        90.55059523809524,
        89.73214285714286,
        90.10416666666667,
        90.55059523809524,
        91.96428571428571,
        92.7827380952381,
        93.08035714285714,
        94.12202380952381,
        92.70833333333333,
        94.49404761904762
    ],
    "valid_loss": [
        1.2289210530214532,
        1.5929191278856853,
        1.2012975160465684,
        1.204285361046015,
        1.2905061411303143,
        1.377750672443315,
        0.8320764469546112,
        0.8644891922378386,
        0.774978120659673,
        0.5037759464805458,
        0.46684922003606877,
        0.7435642316593684,
        0.3684226532878224,
        0.4445589236308669,
        0.8709509305423803,
        0.22508184136931114,
        0.25011395588977436,
        0.2782457246401802,
        0.41910813867011604,
        0.3076455620561488,
        0.3330932183212839,
        0.35018171006976084,
        0.21275552203824613,
        0.15693328159233166,
        0.2153556240332681,
        0.1576338591443938,
        0.16791462207884464,
        0.16281835298422118,
        0.15934334128965125,
        0.15446082385646742,
        0.15048970036251946,
        0.15848518719593452,
        0.15544959817211643,
        0.1454227364481275,
        0.17518419632688165,
        0.1972818992799148,
        0.1707991271626291,
        0.17004777179207914,
        0.22126356818778223,
        0.1429997814472678,
        0.17903475452561018,
        0.16297496816273346,
        0.1505480511980348,
        0.10613110159025636,
        0.12191093541941671,
        0.13313882444920236,
        0.10412199645801339,
        0.10050049105789079,
        0.10058968634409614,
        0.11330006401011244,
        0.12629173633501714,
        0.044898799896716725,
        0.05134095550991248,
        0.05525886362721754,
        0.0758943185210228,
        0.06320991079041431,
        0.06309979691624988,
        0.06306148056200771,
        0.08446011178975188,
        0.11517385811393344,
        0.0968641209697654,
        0.15621349346000962,
        0.09828784197655528,
        0.11022665112301014,
        0.1256251210444282,
        0.06804091454927572,
        0.06846282438396714
    ],
    "valid_acc": [
        69.18604651162791,
        64.53488372093024,
        71.51162790697674,
        71.51162790697674,
        67.44186046511628,
        64.53488372093024,
        73.83720930232558,
        59.30232558139535,
        70.93023255813954,
        66.27906976744185,
        71.51162790697674,
        58.72093023255814,
        68.6046511627907,
        73.25581395348837,
        57.55813953488372,
        73.25581395348837,
        73.25581395348837,
        69.18604651162791,
        55.23255813953488,
        61.627906976744185,
        61.627906976744185,
        58.13953488372093,
        65.69767441860465,
        73.83720930232558,
        71.51162790697674,
        72.09302325581395,
        66.27906976744185,
        70.93023255813954,
        72.67441860465117,
        71.51162790697674,
        73.25581395348837,
        70.34883720930233,
        67.44186046511628,
        63.95348837209303,
        68.02325581395348,
        68.6046511627907,
        73.25581395348837,
        72.09302325581395,
        72.67441860465117,
        72.67441860465117,
        66.27906976744185,
        62.7906976744186,
        69.18604651162791,
        73.25581395348837,
        66.27906976744185,
        71.51162790697674,
        70.93023255813954,
        72.09302325581395,
        73.25581395348837,
        66.86046511627907,
        69.76744186046511,
        73.83720930232558,
        72.67441860465117,
        74.4186046511628,
        69.76744186046511,
        68.02325581395348,
        69.76744186046511,
        80.81395348837209,
        77.32558139534883,
        75.5813953488372,
        75.5813953488372,
        76.74418604651163,
        76.74418604651163,
        78.48837209302326,
        77.32558139534883,
        77.90697674418605,
        78.48837209302326
    ],